reference,text
1.1,"Haec tua Penelope lento tibi mittit, Ulixe;"
1.2,Nil mihi rescribas attinet: ipse veni!
1.3,"Troia iacet certe, Danais invisa puellis;"
1.4,Vix Priamus tanti totaque Troia fuit.
1.5,"O utinam tum, cum Lacedaemona classe petebat,"
1.6,Obrutus insanis esset adulter aquis!
1.7,"Non ego deserto iacuissem frigida lecto,"
1.8,Nec quererer tardos ire relicta dies;
1.9,Nec mihi quaerenti spatiosam fallere noctem
1.10,Lassaret viduas pendula tela manus.
1.11,Quando ego non timui graviora pericula veris?
1.12,Res est solliciti plena timoris amor.
1.13,In te fingebam violentos Troas ituros;
1.14,Nomine in Hectoreo pallida semper eram.
1.15,"Sive quis Antilochum narrabat ab hoste revictum,"
1.16,Antilochus nostri causa timoris erat;
1.17,"Sive Menoetiaden falsis cecidisse sub armis,"
1.18,Flebam successu posse carere dolos.
1.19,Sanguine Tlepolemus Lyciam tepefecerat hastam;
1.20,Tlepolemi leto cura novata mea est.
1.21,"Denique, quisquis erat castris iugulatus Achivis,"
1.22,Frigidius glacie pectus amantis erat.
1.23,Sed bene consuluit casto deus aequus amori.
1.24,Versa est in cineres sospite Troia viro.
1.25,"Argolici rediere duces, altaria fumant;"
1.26,Ponitur ad patrios barbara praeda deos.
1.27,Grata ferunt nymphae pro salvis dona maritis;
1.28,Illi victa suis Troica fata canunt.
1.29,Mirantur iustique senes trepidaeque puellae;
1.30,Narrantis coniunx pendet ab ore viri.
1.31,"Atque aliquis posita monstrat fera proelia mensa,"
1.32,Pingit et exiguo Pergama tota mero:
1.33,'Hac ibat Simois; haec est Sigeia tellus;
1.34,Hic steterat Priami regia celsa senis.
1.35,"Illic Aeacides, illic tendebat Ulixes;"
1.36,Hic lacer admissos terruit Hector equos.'
1.37,Omnia namque tuo senior te quaerere misso
1.38,"Rettulerat nato Nestor, at ille mihi."
1.39,"Rettulit et ferro Rhesumque Dolonaque caesos,"
1.40,"Utque sit hic somno proditus, ille dolo."
1.41,Ausus es — o nimium nimiumque oblite tuorum! —
1.42,Thracia nocturno tangere castra dolo
1.43,"Totque simul mactare viros, adiutus ab uno!"
1.44,At bene cautus eras et memor ante mei!
1.45,"Usque metu micuere sinus, dum victor amicum"
1.46,Dictus es Ismariis isse per agmen equis.
1.47,Sed mihi quid prodest vestris disiecta lacertis
1.48,"Ilios et, murus quod fuit, esse solum,"
1.49,"Si maneo, qualis Troia durante manebam,"
1.50,Virque mihi dempto fine carendus abest?
1.51,"Diruta sunt aliis, uni mihi Pergama restant,"
1.52,Incola captivo quae bove victor arat.
1.53,"Iam seges est, ubi Troia fuit, resecandaque falce"
1.54,Luxuriat Phrygio sanguine pinguis humus;
1.55,Semisepulta virum curvis feriuntur aratris
1.56,"Ossa, ruinosas occulit herba domos."
1.57,"Victor abes, nec scire mihi, quae causa morandi,"
1.58,"Aut in quo lateas ferreus orbe, licet!"
1.59,"Quisquis ad haec vertit peregrinam litora puppim,"
1.60,"Ille mihi de te multa rogatus abit,"
1.61,"Quamque tibi reddat, si te modo viderit usquam,"
1.62,Traditur huic digitis charta notata meis.
1.63,"Nos Pylon, antiqui Neleia Nestoris arva,"
1.64,Misimus; incerta est fama remissa Pylo.
1.65,Misimus et Sparten; Sparte quoque nescia veri.
1.66,"Quas habitas terras, aut ubi lentus abes?"
1.67,Utilius starent etiamnunc moenia Phoebi —
1.68,"Irascor votis, heu, levis ipsa meis!"
1.69,"Scirem ubi pugnares, et tantum bella timerem,"
1.70,Et mea cum multis iuncta querela foret.
1.71,"Quid timeam, ignoro — timeo tamen omnia demens,"
1.72,Et patet in curas area lata meas.
1.73,"Quaecumque aequor habet, quaecumque pericula tellus,"
1.74,Tam longae causas suspicor esse morae.
1.75,"Haec ego dum stulte metuo, quae vestra libido est,"
1.76,Esse peregrino captus amore potes.
1.77,"Forsitan et narres, quam sit tibi rustica coniunx,"
1.78,Quae tantum lanas non sinat esse rudes.
1.79,"Fallar, et hoc crimen tenues vanescat in auras,"
1.80,"Neve, revertendi liber, abesse velis!"
1.81,Me pater Icarius viduo discedere lecto
1.82,Cogit et immensas increpat usque moras.
1.83,"Increpet usque licet — tua sum, tua dicar oportet;"
1.84,Penelope coniunx semper Ulixis ero.
1.85,Ille tamen pietate mea precibusque pudicis
1.86,Frangitur et vires temperat ipse suas.
1.87,"Dulichii Samiique et quos tulit alta Zacynthos,"
1.88,"Turba ruunt in me luxuriosa proci,"
1.89,Inque tua regnant nullis prohibentibus aula;
1.90,"Viscera nostra, tuae dilacerantur opes."
1.91,Quid tibi Pisandrum Polybumque Medontaque dirum
1.92,Eurymachique avidas Antinoique manus
1.93,"Atque alios referam, quos omnis turpiter absens"
1.94,Ipse tuo partis sanguine rebus alis?
1.95,Irus egens pecorisque Melanthius actor edendi
1.96,Ultimus accedunt in tua damna pudor.
1.97,"Tres sumus inbelles numero, sine viribus uxor"
1.98,Laertesque senex Telemachusque puer.
1.99,"Ille per insidias paene est mihi nuper ademptus,"
1.100,Dum parat invitis omnibus ire Pylon.
1.101,"Di, precor, hoc iubeant, ut euntibus ordine fatis"
1.102,"Ille meos oculos conprimat, ille tuos!"
1.103,"Hac faciunt custosque boum longaevaque nutrix,"
1.104,Tertius inmundae cura fidelis harae;
1.105,"Sed neque Laertes, ut qui sit inutilis armis,"
1.106,Hostibus in mediis regna tenere potest —
1.107,"Telemacho veniet, vivat modo, fortior aetas;"
1.108,Nunc erat auxiliis illa tuenda patris —
1.109,Nec mihi sunt vires inimicos pellere tectis.
1.110,"Tu citius venias, portus et ara tuis!"
1.111,"Est tibi sitque, precor, natus, qui mollibus annis"
1.112,In patrias artes erudiendus erat.
1.113,"Respice Laerten; ut tu sua lumina condas,"
1.114,Extremum fati sustinet ille diem.
1.115,"Certe ego, quae fueram te discedente puella,"
1.116,"Protinus ut venias, facta videbor anus."
2.1,"Hospita, Demophoon, tua te Rhodopeia Phyllis"
2.2,Ultra promissum tempus abesse queror.
2.3,"Cornua cum lunae pleno semel orbe coissent,"
2.4,Litoribus nostris ancora pacta tua est —
2.5,"Luna quater latuit, toto quater orbe recrevit;"
2.6,Nec vehit Actaeas Sithonis unda rates.
2.7,Tempora si numeres — bene quae numeramus amantes —
2.8,Non venit ante suam nostra querela diem.
2.9,"Spes quoque lenta fuit; tarde, quae credita laedunt,"
2.10,Credimus. invita nunc es amante nocens.
2.11,"Saepe fui mendax pro te mihi, saepe putavi"
2.12,Alba procellosos vela referre Notos.
2.13,"Thesea devovi, quia te dimittere nollet;"
2.14,Nec tenuit cursus forsitan ille tuos.
2.15,"Interdum timui, ne, dum vada tendis ad Hebri,"
2.16,Mersa foret cana naufraga puppis aqua.
2.17,"Saepe deos supplex, ut tu, scelerate, valeres,"
2.18,Cum prece turicremis sum venerata sacris;
2.19,"Saepe, videns ventos caelo pelagoque faventes,"
2.20,"Ipsa mihi dixi: 'si valet ille, venit.'"
2.21,"Denique fidus amor, quidquid properantibus obstat,"
2.22,"Finxit, et ad causas ingeniosa fui."
2.23,At tu lentus abes; nec te iurata reducunt
2.24,"Numina, nec nostro motus amore redis."
2.25,"Demophoon, ventis et verba et vela dedisti;"
2.26,"Vela queror reditu, verba carere fide."
2.27,"Dic mihi, quid feci, nisi non sapienter amavi?"
2.28,Crimine te potui demeruisse meo.
2.29,"Unum in me scelus est, quod te, scelerate, recepi;"
2.30,Sed scelus hoc meriti pondus et instar habet.
2.31,"Iura fidesque ubi nunc, commissaque dextera dextrae,"
2.32,Quique erat in falso plurimus ore deus?
2.33,"Promissus socios ubi nunc Hymenaeus in annos,"
2.34,Qui mihi coniugii sponsor et obses erat?
2.35,"Per mare, quod totum ventis agitatur et undis,"
2.36,"Per quod nempe ieras, per quod iturus eras,"
2.37,Perque tuum mihi iurasti — nisi fictus et ille est —
2.38,"Concita qui ventis aequora mulcet, avum,"
2.39,Per Venerem nimiumque mihi facientia tela —
2.40,"Altera tela arcus, altera tela faces —"
2.41,"Iunonemque, toris quae praesidet alma maritis,"
2.42,Et per taediferae mystica sacra deae.
2.43,Si de tot laesis sua numina quisque deorum
2.44,"Vindicet, in poenas non satis unus eris."
2.45,"Ah, laceras etiam puppes furiosa refeci,"
2.46,"Ut, qua desererer, firma carina foret,"
2.47,"Remigiumque dedi, quod me fugiturus haberes."
2.48,Heu! patior telis vulnera facta meis!
2.49,"Credidimus blandis, quorum tibi copia, verbis;"
2.50,Credidimus generi nominibusque tuis;
2.51,Credidimus lacrimis — an et hae simulare docentur?
2.52,"Hae quoque habent artes, quaque iubentur, eunt?"
2.53,Dis quoque credidimus. quo iam tot pignora nobis?
2.54,Parte satis potui qualibet inde capi.
2.55,"Nec moveor, quod te iuvi portuque locoque —"
2.56,Debuit haec meriti summa fuisse mei!
2.57,Turpiter hospitium lecto cumulasse iugali
2.58,"Paenitet, et lateri conseruisse latus."
2.59,"Quae fuit ante illam, mallem suprema fuisset"
2.60,"Nox mihi, dum potui Phyllis honesta mori."
2.61,"Speravi melius, quia me meruisse putavi;"
2.62,"Quaecumque ex merito spes venit, aequa venit."
2.63,Fallere credentem non est operosa puellam
2.64,Gloria. simplicitas digna favore fuit.
2.65,Sum decepta tuis et amans et femina verbis.
2.66,"Di faciant, laudis summa sit ista tuae!"
2.67,"Inter et Aegidas, media statuaris in urbe,"
2.68,Magnificus titulis stet pater ante suis.
2.69,Cum fuerit Sciron lectus torvusque Procrustes
2.70,Et Sinis et tauri mixtaque forma viri
2.71,Et domitae bello Thebae fusique bimembres
2.72,Et pulsata nigri regia caeca dei —
2.73,Hoc tua post illos titulo signetur imago:
2.74,"Hic est, cuius amans hospita capta dolo est."
2.75,De tanta rerum turba factisque parentis
2.76,Sedit in ingenio Cressa relicta tuo.
2.77,"Quod solum excusat, solum miraris in illo;"
2.78,"Heredem patriae, perfide, fraudis agis."
2.79,Illa — nec invideo — fruitur meliore marito
2.80,Inque capistratis tigribus alta sedet;
2.81,"At mea despecti fugiunt conubia Thraces,"
2.82,Quod ferar externum praeposuisse meis.
2.83,"Atque aliquis 'iam nunc doctas eat,' inquit, 'Athenas;"
2.84,"Armiferam Thracen qui regat, alter erit."
2.85,"Exitus acta probat.' careat successibus, opto,"
2.86,Quisquis ab eventu facta notanda putat!
2.87,"At si nostra tuo spumescant aequora remo,"
2.88,"Iam mihi, iam dicar consuluisse meis —"
2.89,"Sed neque consului, nec te mea regia tanget"
2.90,Fessaque Bistonia membra lavabis aqua!
2.91,"Illa meis oculis species abeuntis inhaeret,"
2.92,Cum premeret portus classis itura meos.
2.93,Ausus es amplecti colloque infusus amantis
2.94,Oscula per longas iungere pressa moras
2.95,"Cumque tuis lacrimis lacrimas confundere nostras,"
2.96,"Quodque foret velis aura secunda, queri"
2.97,Et mihi discedens suprema dicere voce:
2.98,"'Phylli, fac expectes Demophoonta tuum!'"
2.99,"Expectem, qui me numquam visurus abisti?"
2.100,Expectem pelago vela negata meo?
2.101,"Et tamen expecto — redeas modo serus amanti,"
2.102,Ut tua sit solo tempore lapsa fides!
2.103,Quid precor infelix? te iam tenet altera coniunx
2.104,"Forsitan et, nobis qui male favit, amor;"
2.105,"Iamque tibi excidimus, nullam, puto, Phyllida nosti."
2.106,"Ei mihi! si, quae sim Phyllis et unde, rogas —"
2.107,"Quae tibi, Demophoon, longis erroribus acto"
2.108,"Threicios portus hospitiumque dedi,"
2.109,"Cuius opes auxere meae, cui dives egenti"
2.110,"Munera multa dedi, multa datura fui;"
2.111,"Quae tibi subieci latissima regna Lycurgi,"
2.112,"Nomine femineo vix satis apta regi,"
2.113,"Qua patet umbrosum Rhodope glacialis ad Haemum,"
2.114,"Et sacer admissas exigit Hebrus aquas,"
2.115,Cui mea virginitas avibus libata sinistris
2.116,Castaque fallaci zona recincta manu!
2.117,"Pronuba Tisiphone thalamis ululavit in illis,"
2.118,Et cecinit maestum devia carmen avis;
2.119,"Adfuit Allecto brevibus torquata colubris,"
2.120,Suntque sepulcrali lumina mota face!
2.121,Maesta tamen scopulos fruticosaque litora calco
2.122,Quaeque patent oculis litora lata meis.
2.123,"Sive die laxatur humus, seu frigida lucent"
2.124,"Sidera, prospicio, quis freta ventus agat;"
2.125,"Et quaecumque procul venientia lintea vidi,"
2.126,Protinus illa meos auguror esse deos.
2.127,"In freta procurro, vix me retinentibus undis,"
2.128,Mobile qua primas porrigit aequor aquas.
2.129,"Quo magis accedunt, minus et minus utilis adsto;"
2.130,Linquor et ancillis excipienda cado.
2.131,"Est sinus, adductos modice falcatus in arcus;"
2.132,Ultima praerupta cornua mole rigent.
2.133,Hinc mihi suppositas inmittere corpus in undas
2.134,"Mens fuit; et, quoniam fallere pergis, erit."
2.135,"Ad tua me fluctus proiectam litora portent,"
2.136,Occurramque oculis intumulata tuis!
2.137,"Duritia ferrum ut superes adamantaque teque,"
2.138,"'Non tibi sic,' dices, 'Phylli, sequendus eram!'"
2.139,Saepe venenorum sitis est mihi; saepe cruenta
2.140,Traiectam gladio morte perire iuvat.
2.141,"Colla quoque, infidis quia se nectenda lacertis"
2.142,"Praebuerunt, laqueis inplicuisse iuvat."
2.143,Stat nece matura tenerum pensare pudorem.
2.144,In necis electu parva futura mora est.
2.145,Inscribere meo causa invidiosa sepulcro.
2.146,Aut hoc aut simili carmine notus eris:
2.147,Phyllida Demophoon leto dedit hospes amantem;
2.148,"Ille necis causam praebuit, ipsa manum."
3.1,"Quam legis, a rapta Briseide littera venit,"
3.2,Vix bene barbarica Graeca notata manu.
3.3,"Quascumque adspicies, lacrimae fecere lituras;"
3.4,Sed tamen et lacrimae pondera vocis habent.
3.5,Si mihi pauca queri de te dominoque viroque
3.6,"Fas est, de domino pauca viroque querar."
3.7,"Non, ego poscenti quod sum cito tradita regi,"
3.8,Culpa tua est — quamvis haec quoque culpa tua est;
3.9,"Nam simul Eurybates me Talthybiusque vocarunt,"
3.10,Eurybati data sum Talthybioque comes.
3.11,Alter in alterius iactantes lumina vultum
3.12,"Quaerebant taciti, noster ubi esset amor."
3.13,Differri potui; poenae mora grata fuisset.
3.14,Ei mihi! discedens oscula nulla dedi;
3.15,At lacrimas sine fine dedi rupique capillos —
3.16,Infelix iterum sum mihi visa capi!
3.17,"Saepe ego decepto volui custode reverti,"
3.18,"Sed, me qui timidam prenderet, hostis erat."
3.19,"Si progressa forem, caperer ne, nocte, timebam,"
3.20,Quamlibet ad Priami munus itura nurum.
3.21,"Sed data sim, quia danda fui — tot noctibus absum"
3.22,"Nec repetor; cessas, iraque lenta tua est."
3.23,"Ipse Menoetiades tum, cum tradebar, in aurem"
3.24,"'Quid fles? hic parvo tempore,' dixit, 'eris.'"
3.25,"Nec repetisse parum; pugnas ne reddar, Achille!"
3.26,I nunc et cupidi nomen amantis habe!
3.27,Venerunt ad te Telamone et Amyntore nati —
3.28,"Ille gradu propior sanguinis, ille comes —"
3.29,"Laertaque satus, per quos comitata redirem"
3.30,(auxerunt blandas grandia dona preces)
3.31,"Viginti fulvos operoso ex aere lebetas,"
3.32,Et tripodas septem pondere et arte pares;
3.33,"Addita sunt illis auri bis quinque talenta,"
3.34,"Bis sex adsueti vincere semper equi,"
3.35,"Quodque supervacuum est, forma praestante puellae"
3.36,"Lesbides, eversa corpora capta domo,"
3.37,Cumque tot his — sed non opus est tibi coniuge — coniunx
3.38,Ex Agamemnoniis una puella tribus.
3.39,"Si tibi ab Atride pretio redimenda fuissem,"
3.40,"Quae dare debueras, accipere illa negas!"
3.41,"Qua merui culpa fieri tibi vilis, Achille?"
3.42,Quo levis a nobis tam cito fugit amor?
3.43,"An miseros tristis fortuna tenaciter urget,"
3.44,Nec venit inceptis mollior hora malis?
3.45,Diruta Marte tuo Lyrnesia moenia vidi —
3.46,Et fueram patriae pars ego magna meae;
3.47,Vidi consortes pariter generisque necisque
3.48,"Tres cecidisse, quibus, quae mihi, mater erat;"
3.49,"Vidi, quantus erat, fusum tellure cruenta"
3.50,Pectora iactantem sanguinolenta virum.
3.51,Tot tamen amissis te conpensavimus unum;
3.52,"Tu dominus, tu vir, tu mihi frater eras."
3.53,"Tu mihi, iuratus per numina matris aquosae,"
3.54,Utile dicebas ipse fuisse capi —
3.55,"Scilicet ut, quamvis veniam dotata, repellas"
3.56,Et mecum fugias quae tibi dantur opes!
3.57,"Quin etiam fama est, cum crastina fulserit Eos,"
3.58,Te dare nubiferis lintea velle Notis.
3.59,"Quod scelus ut pavidas miserae mihi contigit aures,"
3.60,Sanguinis atque animi pectus inane fuit.
3.61,"Ibis et — o miseram! — cui me, violente, relinquis?"
3.62,Quis mihi desertae mite levamen erit?
3.63,"Devorer ante, precor, subito telluris hiatu"
3.64,"Aut rutilo missi fulminis igne cremer,"
3.65,"Quam sine me Pthiis canescant aequora remis,"
3.66,Et videam puppes ire relicta tuas!
3.67,"Si tibi iam reditusque placent patriique Penates,"
3.68,Non ego sum classi sarcina magna tuae.
3.69,"Victorem captiva sequar, non nupta maritum;"
3.70,"Est mihi, quae lanas molliat, apta manus."
3.71,Inter Achaeiadas longe pulcherrima matres
3.72,"In thalamos coniunx ibit eatque tuos,"
3.73,"Digna nurus socero, Iovis Aeginaeque nepote,"
3.74,Cuique senex Nereus prosocer esse velit.
3.75,"Nos humiles famulaeque tuae data pensa trahemus,"
3.76,Et minuent plenas stamina nostra colos.
3.77,"Exagitet ne me tantum tua, deprecor, uxor —"
3.78,Quae mihi nescio quo non erit aequa modo —
3.79,Neve meos coram scindi patiare capillos
3.80,Et leviter dicas: 'haec quoque nostra fuit.'
3.81,"Vel patiare licet, dum ne contempta relinquar —"
3.82,Hic mihi vae! miserae concutit ossa metus.
3.83,"Quid tamen expectas? Agamemnona paenitet irae,"
3.84,Et iacet ante tuos Graecia maesta pedes.
3.85,"Vince animos iramque tuam, qui cetera vincis!"
3.86,Quid lacerat Danaas inpiger Hector opes?
3.87,"Arma cape, Aeacide, sed me tamen ante recepta,"
3.88,Et preme turbatos Marte favente viros!
3.89,"Propter me mota est, propter me desinat ira,"
3.90,Simque ego tristitiae causa modusque tuae.
3.91,Nec tibi turpe puta precibus succumbere nostris;
3.92,Coniugis Oenides versus in arma prece est.
3.93,"Res audita mihi, nota est tibi. fratribus orba"
3.94,Devovit nati spemque caputque parens.
3.95,Bellum erat; ille ferox positis secessit ab armis
3.96,Et patriae rigida mente negavit opem.
3.97,Sola virum coniunx flexit. felicior illa!
3.98,At mea pro nullo pondere verba cadunt.
3.99,Nec tamen indignor nec me pro coniuge gessi
3.100,Saepius in domini serva vocata torum.
3.101,"Me quaedam, memini, dominam captiva vocabat."
3.102,"'Servitio,' dixi, 'nominis addis onus.'"
3.103,"Per tamen ossa viri subito male tecta sepulcro,"
3.104,Semper iudiciis ossa verenda meis;
3.105,"Perque trium fortes animas, mea numina, fratrum,"
3.106,Qui bene pro patria cum patriaque iacent;
3.107,"Perque tuum nostrumque caput, quae iunximus una,"
3.108,"Perque tuos enses, cognita tela meis —"
3.109,Nulla Mycenaeum sociasse cubilia mecum
3.110,Iuro; fallentem deseruisse velis!
3.111,"Si tibi nunc dicam, fortissime: 'tu quoque iura"
3.112,Nulla tibi sine me gaudia capta!' neges.
3.113,"At Danai maerere putant — tibi plectra moventur,"
3.114,Te tenet in tepido mollis amica sinu!
3.115,"Et quisquam quaerit, quare pugnare recuses?"
3.116,"Pugna nocet, citharae voxque Venusque iuvant."
3.117,"Tutius est iacuisse toro, tenuisse puellam,"
3.118,"Threiciam digitis increpuisse lyram,"
3.119,"Quam manibus clipeos et acutae cuspidis hastam,"
3.120,Et galeam pressa sustinuisse coma.
3.121,"Sed tibi pro tutis insignia facta placebant,"
3.122,Partaque bellando gloria dulcis erat.
3.123,"An tantum dum me caperes, fera bella probabas,"
3.124,Cumque mea patria laus tua victa iacet?
3.125,"Di melius! validoque, precor, vibrata lacerto"
3.126,Transeat Hectoreum Pelias hasta latus!
3.127,"Mittite me, Danai! dominum legata rogabo"
3.128,Multaque mandatis oscula mixta feram.
3.129,"Plus ego quam Phoenix, plus quam facundus Ulixes,"
3.130,"Plus ego quam Teucri, credite, frater agam."
3.131,"Est aliquid collum solitis tetigisse lacertis,"
3.132,Praesentisque oculos admonuisse sui.
3.133,"Sis licet inmitis matrisque ferocior undis,"
3.134,"Ut taceam, lacrimis conminuere meis."
3.135,"Nunc quoque — sic omnes Peleus pater inpleat annos,"
3.136,Sic eat auspiciis Pyrrhus ad arma tuis! —
3.137,"Respice sollicitam Briseida, fortis Achille,"
3.138,Nec miseram lenta ferreus ure mora!
3.139,"Aut, si versus amor tuus est in taedia nostri,"
3.140,"Quam sine te cogis vivere, coge mori!"
3.141,"Utque facis, coges. abiit corpusque colorque;"
3.142,Sustinet hoc animae spes tamen una tui.
3.143,"Qua si destituor, repetam fratresque virumque —"
3.144,Nec tibi magnificum femina iussa mori.
3.145,Cur autem iubeas? stricto pete corpora ferro;
3.146,Est mihi qui fosso pectore sanguis eat.
3.147,"Me petat ille tuus, qui, si dea passa fuisset,"
3.148,Ensis in Atridae pectus iturus erat!
3.149,"A, potius serves nostram, tua munera, vitam!"
3.150,"Quod dederas hosti victor, amica rogo."
3.151,"Perdere quos melius possis, Neptunia praebent"
3.152,Pergama; materiam caedis ab hoste pete.
3.153,"Me modo, sive paras inpellere remige classem,"
3.154,"Sive manes, domini iure venire iube!"
4.1,"Quam nisi tu dederis, caritura est ipsa, salutem"
4.2,Mittit Amazonio Cressa puella viro.
4.3,"Perlege, quodcumque est — quid epistula lecta nocebit?"
4.4,Te quoque in hac aliquid quod iuvet esse potest;
4.5,His arcana notis terra pelagoque feruntur.
4.6,Inspicit acceptas hostis ab hoste notas.
4.7,Ter tecum conata loqui ter inutilis haesit
4.8,"Lingua, ter in primo restitit ore sonus."
4.9,"Qua licet et sequitur, pudor est miscendus amori;"
4.10,"Dicere quae puduit, scribere iussit amor."
4.11,"Quidquid Amor iussit, non est contemnere tutum;"
4.12,Regnat et in dominos ius habet ille deos.
4.13,Ille mihi primo dubitanti scribere dixit:
4.14,'Scribe! dabit victas ferreus ille manus.'
4.15,"Adsit et, ut nostras avido fovet igne medullas,"
4.16,Figat sic animos in mea vota tuos!
4.17,Non ego nequitia socialia foedera rumpam;
4.18,Fama — velim quaeras — crimine nostra vacat.
4.19,"Venit amor gravius, quo serius — urimur intus;"
4.20,"Urimur, et caecum pectora vulnus habent."
4.21,"Scilicet ut teneros laedunt iuga prima iuvencos,"
4.22,"Frenaque vix patitur de grege captus equus,"
4.23,"Sic male vixque subit primos rude pectus amores,"
4.24,Sarcinaque haec animo non sedet apta meo.
4.25,"Ars fit, ubi a teneris crimen condiscitur annis;"
4.26,"Cui venit exacto tempore, peius amat."
4.27,"Tu nova servatae capies libamina famae,"
4.28,Et pariter nostrum fiet uterque nocens.
4.29,"Est aliquid, plenis pomaria carpere ramis,"
4.30,Et tenui primam delegere ungue rosam.
4.31,"Si tamen ille prior, quo me sine crimine gessi,"
4.32,"Candor ab insolita labe notandus erat,"
4.33,"At bene successit, digno quod adurimur igni;"
4.34,Peius adulterio turpis adulter obest.
4.35,"Si mihi concedat Iuno fratremque virumque,"
4.36,Hippolytum videor praepositura Iovi!
4.37,Iam quoque — vix credes — ignotas mittor in artes;
4.38,Est mihi per saevas impetus ire feras.
4.39,Iam mihi prima dea est arcu praesignis adunco
4.40,Delia; iudicium subsequor ipsa tuum.
4.41,In nemus ire libet pressisque in retia cervis
4.42,"Hortari celeris per iuga summa canes,"
4.43,"Aut tremulum excusso iaculum vibrare lacerto,"
4.44,Aut in graminea ponere corpus humo.
4.45,Saepe iuvat versare leves in pulvere currus
4.46,Torquentem frenis ora fugacis equi;
4.47,"Nunc feror, ut Bacchi furiis Eleleides actae,"
4.48,"Quaeque sub Idaeo tympana colle movent,"
4.49,Aut quas semideae Dryades Faunique bicornes
4.50,Numine contactas attonuere suo.
4.51,"Namque mihi referunt, cum se furor ille remisit,"
4.52,Omnia; me tacitam conscius urit amor.
4.53,"Forsitan hunc generis fato reddamus amorem,"
4.54,Et Venus ex tota gente tributa petat.
4.55,Iuppiter Europen — prima est ea gentis origo —
4.56,"Dilexit, tauro dissimulante deum."
4.57,"Pasiphae mater, decepto subdita tauro,"
4.58,Enixa est utero crimen onusque suo.
4.59,"Perfidus Aegides, ducentia fila secutus,"
4.60,Curva meae fugit tecta sororis ope.
4.61,"En, ego nunc, ne forte parum Minoia credar,"
4.62,In socias leges ultima gentis eo!
4.63,Hoc quoque fatale est: placuit domus una duabus;
4.64,"Me tua forma capit, capta parente soror."
4.65,Thesides Theseusque duas rapuere sorores —
4.66,Ponite de nostra bina tropaea domo!
4.67,"Tempore quo nobis inita est Cerealis Eleusin,"
4.68,Gnosia me vellem detinuisset humus!
4.69,Tunc mihi praecipue (nec non tamen ante placebas)
4.70,Acer in extremis ossibus haesit amor.
4.71,"Candida vestis erat, praecincti flore capilli,"
4.72,"Flava verecundus tinxerat ora rubor,"
4.73,"Quemque vocant aliae vultum rigidumque trucemque,"
4.74,Pro rigido Phaedra iudice fortis erat.
4.75,Sint procul a nobis iuvenes ut femina compti! —
4.76,Fine coli modico forma virilis amat.
4.77,Te tuus iste rigor positique sine arte capilli
4.78,Et levis egregio pulvis in ore decet.
4.79,"Sive ferocis equi luctantia colla recurvas,"
4.80,Exiguo flexos miror in orbe pedes;
4.81,"Seu lentum valido torques hastile lacerto,"
4.82,"Ora ferox in se versa lacertus habet,"
4.83,Sive tenes lato venabula cornea ferro.
4.84,"Denique nostra iuvat lumina, quidquid agis."
4.85,Tu modo duritiam silvis depone iugosis;
4.86,Non sum militia digna perire tua.
4.87,"Quid iuvat incinctae studia exercere Dianae,"
4.88,Et Veneri numeros eripuisse suos?
4.89,"Quod caret alterna requie, durabile non est;"
4.90,Haec reparat vires fessaque membra novat.
4.91,Arcus — et arma tuae tibi sunt imitanda Dianae —
4.92,"Si numquam cesses tendere, mollis erit."
4.93,"Clarus erat silvis Cephalus, multaeque per herbas"
4.94,Conciderant illo percutiente ferae;
4.95,Nec tamen Aurorae male se praebebat amandum.
4.96,Ibat ad hunc sapiens a sene diva viro.
4.97,Saepe sub ilicibus Venerem Cinyraque creatum
4.98,Sustinuit positos quaelibet herba duos.
4.99,Arsit et Oenides in Maenalia Atalanta;
4.100,Illa ferae spolium pignus amoris habet.
4.101,Nos quoque quam primum turba numeremur in ista!
4.102,"Si Venerem tollas, rustica silva tua est."
4.103,"Ipsa comes veniam, nec me latebrosa movebunt"
4.104,Saxa neque obliquo dente timendus aper.
4.105,"Aequora bina suis obpugnant fluctibus isthmon,"
4.106,Et tenuis tellus audit utrumque mare.
4.107,"Hic tecum Troezena colam, Pittheia regna;"
4.108,Iam nunc est patria carior illa mea.
4.109,Tempore abest aberitque diu Neptunius heros;
4.110,Illum Pirithoi detinet ora sui.
4.111,Praeposuit Theseus — nisi si manifesta negamus —
4.112,Pirithoum Phaedrae Pirithoumque tibi.
4.113,Sola nec haec ad nos iniuria venit ab illo;
4.114,In magnis laesi rebus uterque sumus.
4.115,Ossa mei fratris clava perfracta trinodi
4.116,Sparsit humi; soror est praeda relicta feris.
4.117,Prima securigeras inter virtute puellas
4.118,"Te peperit, nati digna vigore parens;"
4.119,"Si quaeras, ubi sit — Theseus latus ense peregit,"
4.120,Nec tanto mater pignore tuta fuit.
4.121,At ne nupta quidem taedaque accepta iugali —
4.122,"Cur, nisi ne caperes regna paterna nothus?"
4.123,"Addidit et fratres ex me tibi, quos tamen omnis"
4.124,"Non ego tollendi causa, sed ille fuit."
4.125,"O utinam nocitura tibi, pulcherrime rerum,"
4.126,In medio nisu viscera rupta forent!
4.127,"I nunc, sic meriti lectum reverere parentis —"
4.128,Quem fugit et factis abdicat ipse suis!
4.129,"Nec, quia privigno videar coitura noverca,"
4.130,Terruerint animos nomina vana tuos.
4.131,"Ista vetus pietas, aevo moritura futuro,"
4.132,Rustica Saturno regna tenente fuit.
4.133,"Iuppiter esse pium statuit, quodcumque iuvaret,"
4.134,Et fas omne facit fratre marita soror.
4.135,"Illa coit firma generis iunctura catena,"
4.136,Inposuit nodos cui Venus ipsa suos.
4.137,"Nec labor est celare, licet peccemus, amorem."
4.138,Cognato poterit nomine culpa tegi.
4.139,"Viderit amplexos aliquis, laudabimur ambo;"
4.140,Dicar privigno fida noverca meo.
4.141,Non tibi per tenebras duri reseranda mariti
4.142,"Ianua, non custos decipiendus erit;"
4.143,"Ut tenuit domus una duos, domus una tenebit;"
4.144,"Oscula aperta dabas, oscula aperta dabis;"
4.145,"Tutus eris mecum laudemque merebere culpa,"
4.146,Tu licet in lecto conspiciare meo.
4.147,Tolle moras tantum properataque foedera iunge —
4.148,"Qui mihi nunc saevit, sic tibi parcat Amor!"
4.149,Non ego dedignor supplex humilisque precari.
4.150,Heu! ubi nunc fastus altaque verba iacent?
4.151,Et pugnare diu nec me submittere culpae
4.152,Certa fui — certi siquid haberet amor;
4.153,Victa precor genibusque tuis regalia tendo
4.154,"Bracchia! quid deceat, non videt ullus amans."
4.155,"Depudui, profugusque pudor sua signa reliquit."
4.156,Da veniam fasse duraque corda doma!
4.157,"Quod mihi sit genitor, qui possidet aequora, Minos,"
4.158,"Quod veniant proavi fulmina torta manu,"
4.159,"Quod sit avus radiis frontem vallatus acutis,"
4.160,Purpureo tepidum qui movet axe diem —
4.161,Nobilitas sub amore iacet! miserere priorum
4.162,"Et, mihi si non vis parcere, parce meis!"
4.163,"Est mihi dotalis tellus Iovis insula, Crete —"
4.164,Serviat Hippolyto regia tota meo!
4.165,"Flecte, ferox, animos! potuit corrumpere taurum"
4.166,Mater; eris tauro saevior ipse truci?
4.167,"Per Venerem, parcas, oro, quae plurima mecum est!"
4.168,"Sic numquam, quae te spernere possit, ames;"
4.169,"Sic tibi secretis agilis dea saltibus adsit,"
4.170,Silvaque perdendas praebeat alta feras;
4.171,"Sic faveant Satyri montanaque numina Panes,"
4.172,Et cadat adversa cuspide fossus aper;
4.173,"Sic tibi dent Nymphae, quamvis odisse puellas"
4.174,"Diceris, arentem quae levet unda sitim!"
4.175,Addimus his precibus lacrimas quoque; verba precantis
4.176,"Qui legis, et lacrimas finge videre meas!"
5.a,
5.b,
5.1,Perlegis? an coniunx prohibet nova? perlege — non est
5.2,Ista Mycenaea littera facta manu!
5.3,"Pegasis Oenone, Phrygiis celeberrima silvis,"
5.4,"Laesa queror de te, si sinis ipse, meo."
5.5,Quis deus opposuit nostris sua numina votis?
5.6,"Ne tua permaneam, quod mihi crimen obest?"
5.7,"Leniter, ex merito quidquid patiare, ferendum est;"
5.8,"Quae venit indigno poena, dolenda venit."
5.9,"Nondum tantus eras, cum te contenta marito"
5.10,Edita de magno flumine nympha fui.
5.11,Qui nunc Priamides — absit reverentia vero! —
5.12,Servus eras; servo nubere nympha tuli!
5.13,"Saepe greges inter requievimus arbore tecti,"
5.14,Mixtaque cum foliis praebuit herba torum;
5.15,Saepe super stramen faenoque iacentibus alto
5.16,Defensa est humili cana pruina casa.
5.17,"Quis tibi monstrabat saltus venatibus aptos,"
5.18,Et tegeret catulos qua fera rupe suos?
5.19,Retia saepe comes maculis distincta tetendi;
5.20,Saepe citos egi per iuga longa canes.
5.21,"Incisae servant a te mea nomina fagi,"
5.22,"Et legor Oenone falce notata tua,"
5.23,
5.24,
5.25,"Et quantum trunci, tantum mea nomina crescunt."
5.26,Crescite et in titulos surgite recta meos!
5.27,"Popule, vive, precor, quae consita margine ripae"
5.28,Hoc in rugoso cortice carmen habes:
5.29,"Cum Paris Oenone poterit spirare relicta,"
5.30,Ad fontem Xanthi versa recurret aqua.
5.31,"Xanthe, retro propera, versaeque recurrite lymphae!"
5.32,Sustinet Oenonen deseruisse Paris.
5.33,"Illa dies fatum miserae mihi dixit, ab illa"
5.34,"Pessima mutati coepit amoris hiemps,"
5.35,Qua Venus et Iuno sumptisque decentior armis
5.36,Venit in arbitrium nuda Minerva tuum.
5.37,"Attoniti micuere sinus, gelidusque cucurrit,"
5.38,"Ut mihi narrasti, dura per ossa tremor."
5.39,Consului — neque enim modice terrebar — anusque
5.40,Longaevosque senes. constitit esse nefas.
5.41,"Caesa abies, sectaeque trabes, et classe parata"
5.42,Caerula ceratas accipit unda rates.
5.43,Flesti discedens — hoc saltim parce negare!
5.44,Miscuimus lacrimas maestus uterque suas;
5.45,"Non sic adpositis vincitur vitibus ulmus,"
5.46,Ut tua sunt collo bracchia nexa meo.
5.47,"A! quotiens, cum te vento quererere teneri,"
5.50,Riserunt comites — ille secundus erat!
5.51,Oscula dimissae quotiens repetita dedisti!
5.52,Quam vix sustinuit dicere lingua 'vale'!
5.53,Aura levis rigido pendentia lintea malo
5.54,"Suscitat, et remis eruta canet aqua."
5.55,"Prosequor infelix oculis abeuntia vela,"
5.56,"Qua licet, et lacrimis umet harena meis,"
5.57,"Utque celer venias, virides Nereidas oro —"
5.58,Scilicet ut venias in mea damna celer!
5.59,Votis ergo meis alii rediture redisti?
5.60,"Ei mihi, pro dira paelice blanda fui!"
5.61,Adspicit inmensum moles nativa profundum —
5.62,Mons fuit; aequoreis illa resistit aquis.
5.63,"Hinc ego vela tuae cognovi prima carinae,"
5.64,Et mihi per fluctus impetus ire fuit.
5.65,"Dum moror, in summa fulsit mihi purpura prora —"
5.66,Pertimui; cultus non erat ille tuus.
5.67,Fit propior terrasque cita ratis attigit aura;
5.68,Femineas vidi corde tremente genas.
5.69,Non satis id fuerat — quid enim furiosa morabar? —
5.70,Haerebat gremio turpis amica tuo!
5.71,"Tunc vero rupique sinus et pectora planxi,"
5.72,"Et secui madidas ungue rigente genas,"
5.73,Inplevique sacram querulis ululatibus Iden
5.74,Illuc has lacrimas in mea saxa tuli.
5.75,"Sic Helene doleat defectaque coniuge ploret,"
5.76,"Quaeque prior nobis intulit, ipsa ferat!"
5.77,"Nunc tibi conveniunt, quae te per aperta sequantur"
5.78,Aequora legitimos destituantque viros;
5.79,"At cum pauper eras armentaque pastor agebas,"
5.80,Nulla nisi Oenone pauperis uxor erat.
5.81,"Non ego miror opes, nec me tua regia tangit"
5.82,Nec de tot Priami dicar ut una nurus —
5.83,"Non tamen ut Priamus nymphae socer esse recuset,"
5.84,Aut Hecubae fuerim dissimulanda nurus;
5.85,Dignaque sum fieri rerum matrona potentis;
5.86,"Sunt mihi, quas possint sceptra decere, manus."
5.87,"Nec me, faginea quod tecum fronde iacebam,"
5.88,Despice; purpureo sum magis apta toro.
5.89,Denique tutus amor meus est; ibi nulla parantur
5.90,"Bella, nec ultrices advehit unda rates."
5.91,Tyndaris infestis fugitiva reposcitur armis;
5.92,Hac venit in thalamos dote superba tuos.
5.93,"Quae si sit Danais reddenda, vel Hectora fratrem,"
5.94,Vel cum Deiphobo Polydamanta roga;
5.95,"Quid gravis Antenor, Priamus quid suadeat ipse,"
5.96,"Consule, quis aetas longa magistra fuit!"
5.97,"Turpe rudimentum, patriae praeponere raptam."
5.98,Causa pudenda tua est; iusta vir arma movet.
5.99,"Nec tibi, si sapias, fidam promitte Lacaenam,"
5.100,Quae sit in amplexus tam cito versa tuos.
5.101,Ut minor Atrides temerati foedera lecti
5.102,"Clamat et externo laesus amore dolet,"
5.103,Tu quoque clamabis. nulla reparabilis arte
5.104,Laesa pudicitia est; deperit illa semel.
5.105,Ardet amore tui? sic et Menelaon amavit.
5.106,Nunc iacet in viduo credulus ille toro.
5.107,"Felix Andromache, certo bene nupta marito!"
5.108,Uxor ad exemplum fratris habenda fui;
5.109,"Tu levior foliis, tum cum sine pondere suci"
5.110,Mobilibus ventis arida facta volant;
5.111,"Et minus est in te quam summa pondus arista,"
5.112,Quae levis adsiduis solibus usta riget.
5.113,"Hoc tua — nam recolo — quondam germana canebat,"
5.114,Sic mihi diffusis vaticinata comis:
5.115,"'Quid facis, Oenone? quid harenae semina mandas?"
5.116,Non profecturis litora bubus aras.
5.117,"Graia iuvenca venit, quae te patriamque domumque"
5.118,Perdat! io prohibe! Graia iuvenca venit!
5.119,"Dum licet, obscenam ponto demergite puppim!"
5.120,Heu! quantum Phrygii sanguinis illa vehit!'
5.121,Vox erat in cursu: famulae rapuere furentem;
5.122,At mihi flaventes diriguere comae.
5.123,"A, nimium miserae vates mihi vera fuisti —"
5.124,"Possidet, en, saltus illa iuvenca meos!"
5.125,"Sit facie quamvis insignis, adultera certe est;"
5.126,Deseruit socios hospite capta deos.
5.127,Illam de patria Theseus — nisi nomine fallor —
5.128,Nescio quis Theseus abstulit ante sua.
5.129,A iuvene et cupido credatur reddita virgo?
5.130,"Unde hoc conpererim tam bene, quaeris? amo."
5.131,Vim licet appelles et culpam nomine veles;
5.132,"Quae totiens rapta est, praebuit ipsa rapi."
5.133,At manet Oenone fallenti casta marito —
5.134,Et poteras falli legibus ipse tuis!
5.135,Me Satyri celeres — silvis ego tecta latebam —
5.136,"Quaesierunt rapido, turba proterva, pede"
5.137,Cornigerumque caput pinu praecinctus acuta
5.138,"Faunus in inmensis, qua tumet Ida, iugis."
5.139,"Me fide conspicuus Troiae munitor amavit,"
5.140,Admisitque meas ad sua dona manus.
5.141,Quaecumque herba potens ad opem radixque medenti
5.142,"Utilis in toto nascitur orbe, mea est."
5.143,"Me miseram, quod amor non est medicabilis herbis!"
5.150,Deficior prudens artis ab arte mea.
5.151,Quod nec graminibus tellus fecunda creandis
5.152,"Nec deus, auxilium tu mihi ferre potes."
5.155,"Et potes, et merui — dignae miserere puellae!"
5.156,Non ego cum Danais arma cruenta fero —
5.157,Sed tua sum tecumque fui puerilibus annis
5.158,"Et tua, quod superest temporis, esse precor!"
6.a,
6.b,
6.1,Litora Thessaliae reduci tetigisse carina
6.2,Diceris auratae vellere dives ovis.
6.3,"Gratulor incolumi, quantum sinis; hoc tamen ipsum"
6.4,Debueram scripto certior esse tuo.
6.5,"Nam ne pacta tibi praeter mea regna redires,"
6.6,"Cum cuperes, ventos non habuisse potes;"
6.7,Quamlibet adverso signatur epistula vento.
6.8,Hypsipyle missa digna salute fui.
6.9,Cur mihi fama prior de te quam littera venit:
6.10,"Isse sacros Marti sub iuga panda boves,"
6.11,Seminibus iactis segetes adolesse virorum
6.12,"Inque necem dextra non eguisse tua,"
6.13,"Pervigilem spolium pecudis servasse draconem,"
6.14,Rapta tamen forti vellera fulva manu?
6.15,"O ego, si possem timide credentibus ista"
6.16,"'Ipse mihi scripsit' dicere, quanta forem!"
6.17,Quid queror officium lenti cessasse mariti?
6.18,"Obsequium, maneo si tua, grande tuli!"
6.19,"Barbara narratur venisse venefica tecum,"
6.20,In mihi promissi parte recepta tori.
6.21,Credula res amor est; utinam temeraria dicar
6.22,Criminibus falsis insimulasse virum!
6.23,Nuper ab Haemoniis hospes mihi Thessalus oris
6.24,"Venit et, ut tactum vix bene limen erat,"
6.25,"'Aesonides,' dixi, 'quid agit meus?' ille pudore"
6.26,Haesit in opposita lumina fixus humo.
6.27,Protinus exilui tunicisque a pectore ruptis
6.28,"'Vivit? an,' exclamo, 'me quoque fata vocant?'"
6.29,"'Vivit,' ait. timidum quod amat; iurare coegi."
6.30,Vix mihi teste deo credita vita tua est.
6.31,"Utque animus rediit, tua facta requirere coepi."
6.32,"Narrat aenipedes Martis arasse boves,"
6.33,"Vipereos dentes in humum pro semine iactos,"
6.34,Et subito natos arma tulisse viros —
6.35,Terrigenas populos civili Marte peremptos
6.36,Inplesse aetatis fata diurna suae.
6.37,"Devictus serpens. iterum, si vivat Iason,"
6.38,Quaerimus; alternant spesque timorque vicem.
6.39,"Singula dum narrat, studio cursuque loquendi"
6.40,Detegit ingenio vulnera nostra suo.
6.41,Heu! ubi pacta fides? ubi conubialia iura
6.42,Faxque sub arsuros dignior ire rogos?
6.43,Non ego sum furto tibi cognita; pronuba Iuno
6.44,Adfuit et sertis tempora vinctus Hymen.
6.45,"At mihi nec Iuno, nec Hymen, sed tristis Erinys"
6.46,Praetulit infaustas sanguinolenta faces.
6.47,"Quid mihi cum Minyis, quid cum Dodonide pinu?"
6.48,"Quid tibi cum patria, navita Tiphy, mea?"
6.49,"Non erat hic aries villo spectabilis aureo,"
6.50,Nec senis Aeetae regia Lemnos erat.
6.51,Certa fui primo (sed me mala fata trahebant)
6.52,Hospita feminea pellere castra manu;
6.53,"Lemniadesque viros, nimium quoque, vincere norunt."
6.54,Milite tam forti terra tuenda fuit!
6.55,"Urbe virum iuvi, tectoque animoque recepi!"
6.56,Hic tibi bisque aestas bisque cucurrit hiemps.
6.57,"Tertia messis erat, cum tu dare vela coactus"
6.58,Inplesti lacrimis talia verba suis:
6.59,"'Abstrahor, Hypsipyle; sed dent modo fata recursus,"
6.60,"Vir tuus hinc abeo, vir tibi semper ero."
6.61,"Quod tamen e nobis gravida celatur in alvo,"
6.62,"Vivat, et eiusdem simus uterque parens!'"
6.63,"Hactenus, et lacrimis in falsa cadentibus ora"
6.64,Cetera te memini non potuisse loqui.
6.65,Ultimus e sociis sacram conscendis in Argo.
6.66,Illa volat; ventus concava vela tenet;
6.67,Caerula propulsae subducitur unda carinae;
6.68,"Terra tibi, nobis adspiciuntur aquae."
6.69,In latus omne patens turris circumspicit undas;
6.70,"Huc feror, et lacrimis osque sinusque madent."
6.71,"Per lacrimas specto, cupidaeque faventia menti"
6.72,Longius adsueto lumina nostra vident.
6.73,Adde preces castas inmixtaque vota timori —
6.74,Nunc quoque te salvo persoluenda mihi.
6.75,Vota ego persolvam? votis Medea fruetur!
6.76,"Cor dolet, atque ira mixtus abundat amor."
6.77,"Dona feram templis, vivum quod Iasona perdo?"
6.78,Hostia pro damnis concidat icta meis?
6.79,"Non equidem secura fui semperque verebar,"
6.80,Ne pater Argolica sumeret urbe nurum.
6.81,Argolidas timui — nocuit mihi barbara paelex!
6.82,Non expectata vulnus ab hoste tuli.
6.83,"Nec facie meritisque placet, sed carmina novit"
6.84,Diraque cantata pabula falce metit.
6.85,Illa reluctantem cursu deducere lunam
6.86,Nititur et tenebris abdere solis equos;
6.87,Illa refrenat aquas obliquaque flumina sistit;
6.88,Illa loco silvas vivaque saxa movet.
6.89,Per tumulos errat passis discincta capillis
6.90,Certaque de tepidis colligit ossa rogis.
6.91,"Devovet absentis simulacraque cerea figit,"
6.92,Et miserum tenuis in iecur urget acus —
6.93,Et quae nescierim melius. male quaeritur herbis
6.94,Moribus et forma conciliandus amor.
6.95,Hanc potes amplecti thalamoque relictus in uno
6.96,Inpavidus somno nocte silente frui?
6.97,"Scilicet ut tauros, ita te iuga ferre coegit"
6.98,"Quaque feros anguis, te quoque mulcet ope."
6.99,"Adde, quod adscribi factis procerumque tuisque"
6.100,"Sese avet, et titulo coniugis uxor obest."
6.101,Atque aliquis Peliae de partibus acta venenis
6.102,"Inputat et populum, qui sibi credat, habet:"
6.103,"'Non haec Aesonides, sed Phasias Aeetine"
6.104,Aurea Phrixeae terga revellit ovis.'
6.105,Non probat Alcimede mater tua — consule matrem —
6.106,"Non pater, a gelido cui venit axe nurus."
6.107,Illa sibi a Tanai Scythiaeque paludibus udae
6.108,Quaerat et a ripa Phasidos usque virum!
6.109,"Mobilis Aesonide vernaque incertior aura,"
6.110,Cur tua polliciti pondere verba carent?
6.111,Vir meus hinc ieras: cur non meus inde redisti?
6.112,"Sim reducis coniunx, sicut euntis eram!"
6.113,Si te nobilitas generosaque nomina tangunt —
6.114,"En, ego Minoo nata Thoante feror!"
6.115,Bacchus avus; Bacchi coniunx redimita corona
6.116,Praeradiat stellis signa minora suis.
6.117,"Dos tibi Lemnos erit, terra ingeniosa colenti;"
6.118,Me quoque dotalis inter habere potes.
6.119,"Nunc etiam peperi; gratare ambobus, Iason!"
6.120,Dulce mihi gravidae fecerat auctor onus.
6.121,"Felix in numero quoque sum prolemque gemellam,"
6.122,Pignora Lucina bina favente dedi.
6.123,"Si quaeris, cui sint similes, cognosceris illis."
6.124,Fallere non norunt; cetera patris habent.
6.125,Legatos quos paene dedi pro matre ferendos;
6.126,Sed tenuit coeptas saeva noverca vias.
6.127,Medeam timui: plus est Medea noverca;
6.128,Medeae faciunt ad scelus omne manus.
6.129,Spargere quae fratris potuit lacerata per agros
6.130,"Corpora, pignoribus parceret illa meis?"
6.131,"Hanc tamen o demens Colchisque ablate venenis,"
6.132,Diceris Hypsipyles praeposuisse toro.
6.133,Turpiter illa virum cognovit adultera virgo;
6.134,Me tibi teque mihi taeda pudica dedit.
6.135,Prodidit illa patrem; rapui de clade Thoanta.
6.136,Deseruit Colchos; me mea Lemnos habet.
6.137,"Quid refert, scelerata piam si vincet et ipso"
6.138,Crimine dotata est emeruitque virum?
6.139,"Lemniadum facinus culpo, non miror, Iason;"
6.140,Quamlibet ignavis iste dat arma dolor.
6.141,"Dic age, si ventis, ut oportuit, actus iniquis"
6.142,"Intrasses portus tuque comesque meos,"
6.143,Obviaque exissem fetu comitante gemello —
6.144,Hiscere nempe tibi terra roganda fuit! —
6.145,"Quo vultu natos, quo me, scelerate, videres?"
6.146,Perfidiae pretio qua nece dignus eras?
6.147,Ipse quidem per me tutus sospesque fuisses —
6.148,"Non quia tu dignus, sed quia mitis ego."
6.149,"Paelicis ipsa meos inplessem sanguine vultus,"
6.150,Quosque veneficiis abstulit illa suis!
6.151,Medeae Medea forem! quodsi quid ab alto
6.152,"Iustus adest votis Iuppiter ille meis,"
6.153,"Quod gemit Hypsipyle, lecti quoque subnuba nostri"
6.154,Maereat et leges sentiat ipsa suas;
6.155,"Utque ego destituor coniunx materque duorum,"
6.156,A totidem natis orba sit illa viro!
6.157,Nec male parta diu teneat peiusque relinquat —
6.158,Exulet et toto quaerat in orbe fugam!
6.159,Quam fratri germana fuit miseroque parenti
6.160,"Filia, tam natis, tam sit acerba viro!"
6.161,"Cum mare, cum terras consumpserit, aera temptet;"
6.162,"Erret inops, exspes, caede cruenta sua!"
6.163,"Haec ego, coniugio fraudata Thoantias oro."
6.164,"Vivite, devoto nuptaque virque toro!"
7.a,
7.b,
7.1,"Sic ubi fata vocant, udis abiectus in herbis"
7.2,Ad vada Maeandri concinit albus olor.
7.3,"Nec quia te nostra sperem prece posse moveri,"
7.4,Adloquor — adverso movimus ista deo;
7.5,Sed merita et famam corpusque animumque pudicum
7.6,"Cum male perdiderim, perdere verba leve est."
7.7,"Certus es ire tamen miseramque relinquere Dido,"
7.8,Atque idem venti vela fidemque ferent?
7.9,"Certus es, Aenea, cum foedere solvere naves,"
7.10,"Quaeque ubi sint nescis, Itala regna sequi?"
7.11,"Nec nova Carthago, nec te crescentia tangunt"
7.12,Moenia nec sceptro tradita summa tuo?
7.13,"Facta fugis, facienda petis; quaerenda per orbem"
7.14,"Altera, quaesita est altera terra tibi."
7.15,"Ut terram invenias, quis eam tibi tradet habendam?"
7.16,Quis sua non notis arva tenenda dabit?
7.17,Scilicet alter amor tibi restat et altera Dido;
7.18,Quamque iterum fallas altera danda fides.
7.19,"Quando erit, ut condas instar Carthaginis urbem"
7.20,Et videas populos altus ab arce tuos?
7.21,"Omnia ut eveniant, nec te tua vota morentur,"
7.22,"Unde tibi, quae te sic amet, uxor erit?"
7.23,"Uror, ut inducto ceratae sulpure taedae,"
7.24,Ut pia fumosis addita tura focis.
7.25,Aeneas oculis semper vigilantis inhaeret;
7.26,Aenean animo noxque quiesque refert.
7.27,"Ille quidem male gratus et ad mea munera surdus,"
7.28,"Et quo, si non sim stulta, carere velim;"
7.29,"Non tamen Aenean, quamvis male cogitat, odi,"
7.30,Sed queror infidum questaque peius amo.
7.31,"Parce, Venus, nurui, durumque amplectere fratrem,"
7.32,"Frater Amor, castris militet ille tuis!"
7.33,"Aut ego, quae coepi, (neque enim dedignor) amorem,"
7.34,Materiam curae praebeat ille meae!
7.35,"Fallor, et ista mihi falso iactatur imago;"
7.36,Matris ab ingenio dissidet ille suae.
7.37,Te lapis et montes innataque rupibus altis
7.38,"Robora, te saevae progenuere ferae,"
7.39,"Aut mare, quale vides agitari nunc quoque ventis,"
7.40,Qua tamen adversis fluctibus ire paras.
7.41,Quo fugis? obstat hiemps. hiemis mihi gratia prosit!
7.42,"Adspice, ut eversas concitet Eurus aquas!"
7.43,"Quod tibi malueram, sine me debere procellis;"
7.44,Iustior est animo ventus et unda tuo.
7.45,Non ego sum tanti — quid non censeris inique? —
7.46,"Ut pereas, dum me per freta longa fugis."
7.47,"Exerces pretiosa odia et constantia magno,"
7.48,"Si, dum me careas, est tibi vile mori."
7.49,"Iam venti ponent, strataque aequaliter unda"
7.50,Caeruleis Triton per mare curret equis.
7.51,Tu quoque cum ventis utinam mutabilis esses!
7.52,"Et, nisi duritia robora vincis, eris."
7.53,"Quid, quasi nescires, insana quid aequora possint,"
7.54,Expertae totiens tam male credis aquae?
7.55,"Ut, pelago suadente viam, retinacula solvas,"
7.56,Multa tamen latus tristia pontus habet.
7.57,Nec violasse fidem temptantibus aequora prodest;
7.58,"Perfidiae poenas exigit ille locus,"
7.59,"Praecipue cum laesus amor, quia mater Amorum"
7.60,Nuda Cytheriacis edita fertur aquis.
7.61,"Perdita ne perdam, timeo, noceamve nocenti,"
7.62,Neu bibat aequoreas naufragus hostis aquas.
7.63,"Vive, precor! sic te melius quam funere perdam."
7.64,Tu potius leti causa ferere mei.
7.65,"Finge, age, te rapido — nullum sit in omine pondus! —"
7.66,Turbine deprendi; quid tibi mentis erit?
7.67,"Protinus occurrent falsae periuria linguae,"
7.68,Et Phrygia Dido fraude coacta mori;
7.69,Coniugis ante oculos deceptae stabit imago
7.70,Tristis et effusis sanguinolenta comis.
7.71,"Quid tanti est ut tum 'merui! concedite!' dicas,"
7.72,"Quaeque cadent, in te fulmina missa putes?"
7.73,Da breve saevitiae spatium pelagique tuaeque;
7.74,Grande morae pretium tuta futura via est.
7.75,"Haec minus ut cures, puero parcatur Iulo!"
7.76,Te satis est titulum mortis habere meae.
7.77,"Quid puer Ascanius, quid di meruere Penates?"
7.78,Ignibus ereptos obruet unda deos?
7.79,"Sed neque fers tecum, nec, quae mihi, perfide, iactas,"
7.80,Presserunt umeros sacra paterque tuos.
7.81,"Omnia mentiris, neque enim tua fallere lingua"
7.82,"Incipit a nobis, primaque plector ego."
7.83,"Si quaeras, ubi sit formosi mater Iuli —"
7.84,Occidit a duro sola relicta viro!
7.85,Haec mihi narraras — sat me monuere! merentem
7.86,Ure; minor culpa poena futura mea est.
7.87,"Nec mihi mens dubia est, quin te tua numina damnent."
7.88,"Per mare, per terras septima iactat hiemps."
7.89,Fluctibus eiectum tuta statione recepi
7.90,Vixque bene audito nomine regna dedi.
7.91,"His tamen officiis utinam contenta fuissem,"
7.92,Et mihi concubitus fama sepulta foret!
7.93,"Illa dies nocuit, qua nos declive sub antrum"
7.94,Caeruleus subitis conpulit imber aquis.
7.95,Audieram vocem; nymphas ululasse putavi —
7.96,Eumenides fati signa dedere mei!
7.97,"Exige, laese pudor, poenas! violate Sychaei"
7.98,"Ad quas, me miseram, plena pudoris eo."
7.99,Est mihi marmorea sacratus in aede Sychaeus
7.100,(Oppositae frondes velleraque alba tegunt).
7.101,Hinc ego me sensi noto quater ore citari;
7.102,"Ipse sono tenui dixit 'Elissa, veni!'"
7.103,"Nulla mora est, venio, venio tibi debita coniunx;"
7.104,Sum tamen admissi tarda pudore mei.
7.105,Da veniam culpae! decepit idoneus auctor;
7.106,Invidiam noxae detrahit ille meae.
7.107,"Diva parens seniorque pater, pia sarcina nati,"
7.108,Spem mihi mansuri rite dedere viri.
7.109,"Si fuit errandum, causas habet error honestas;"
7.110,"Adde fidem, nulla parte pigendus erit."
7.111,Durat in extremum vitaeque novissima nostrae
7.112,"Prosequitur fati, qui fuit ante, tenor."
7.113,"Occidit internas coniunx mactatus ad aras,"
7.114,Et sceleris tanti praemia frater habet;
7.115,"Exul agor cineresque viri patriamque relinquo,"
7.116,Et feror in dubias hoste sequente vias.
7.117,Adplicor his oris fratrique elapsa fretoque
7.118,"Quod tibi donavi, perfide, litus emo."
7.119,Urbem constitui lateque patentia fixi
7.120,Moenia finitimis invidiosa locis.
7.121,"Bella tument; bellis peregrina et femina temptor,"
7.122,Vixque rudis portas urbis et arma paro.
7.123,"Mille procis placui, qui me coiere querentes"
7.124,Nescio quem thalamis praeposuisse suis.
7.125,Quid dubitas vinctam Gaetulo tradere Iarbae?
7.126,Praebuerim sceleri bracchia nostra tuo.
7.127,"Est etiam frater, cuius manus inpia poscit"
7.128,"Respergi nostro, sparsa cruore viri."
7.129,Pone deos et quae tangendo sacra profanas!
7.130,Non bene caelestis inpia dextra colit.
7.131,"Si tu cultor eras elapsis igne futurus,"
7.132,Paenitet elapsos ignibus esse deos.
7.133,"Forsitan et gravidam Dido, scelerate, relinquas,"
7.134,Parsque tui lateat corpore clausa meo.
7.135,"Accedet fatis matris miserabilis infans,"
7.136,"Et nondum nato funeris auctor eris,"
7.137,"Cumque parente sua frater morietur Iuli,"
7.138,Poenaque conexos auferet una duos.
7.139,"'Sed iubet ire deus.' vellem, vetuisset adire,"
7.140,Punica nec Teucris pressa fuisset humus!
7.141,Hoc duce nempe deo ventis agitaris iniquis
7.142,Et teris in rabido tempora longa freto?
7.143,"Pergama vix tanto tibi erant repetenda labore,"
7.144,Hectore si vivo quanta fuere forent.
7.145,"Non patrium Simoenta petis, sed Thybridis undas —"
7.146,"Nempe ut pervenias, quo cupis, hospes eris;"
7.147,"Utque latet vitatque tuas abstrusa carinas,"
7.148,Vix tibi continget terra petita seni.
7.149,"Hos potius populos in dotem, ambage remissa,"
7.150,Accipe et advectas Pygmalionis opes.
7.151,Ilion in Tyriam transfer felicius urbem
7.152,Resque loco regis sceptraque sacra tene!
7.153,"Si tibi mens avida est belli, si quaerit Iulus,"
7.154,"Unde suo partus Marte triumphus eat,"
7.155,"Quem superet, nequid desit, praebebimus hostem;"
7.156,"Hic pacis leges, hic locus arma capit."
7.157,"Tu modo, per matrem fraternaque tela, sagittas,"
7.158,"Perque fugae comites, Dardana sacra, deos —"
7.159,"Sic superent, quoscumque tua de gente reportat"
7.160,"Mars ferus, et damni sit modus ille tui,"
7.161,"Ascaniusque suos feliciter inpleat annos,"
7.162,Et senis Anchisae molliter ossa cubent! —
7.163,"Parce, precor, domui, quae se tibi tradit habendam!"
7.164,Quod crimen dicis praeter amasse meum?
7.165,"Non ego sum Pthias magnisque oriunda Mycenis,"
7.166,Nec steterunt in te virque paterque meus.
7.167,"Si pudet uxoris, non nupta, sed hospita dicar;"
7.168,"Dum tua sit, Dido quidlibet esse feret."
7.169,Nota mihi freta sunt Afrum plangentia litus;
7.170,Temporibus certis dantque negantque viam.
7.171,"Cum dabit aura viam, praebebis carbasa ventis;"
7.172,Nunc levis eiectam continet alga ratem.
7.173,"Tempus ut observem, manda mihi; certius ibis,"
7.174,"Nec te, si cupies, ipsa manere sinam."
7.175,"Et socii requiem poscunt, laniataque classis"
7.176,Postulat exiguas semirefecta moras;
7.177,"Pro meritis et siqua tibi debebimus ultra,"
7.178,Pro spe coniugii tempora parva peto —
7.179,"Dum freta mitescunt et amor, dum tempore et usu"
7.180,Fortiter edisco tristia posse pati.
7.181,"Si minus, est animus nobis effundere vitam;"
7.182,In me crudelis non potes esse diu.
7.183,"Adspicias utinam, quae sit scribentis imago!"
7.184,"Scribimus, et gremio Troicus ensis adest,"
7.185,"Perque genas lacrimae strictum labuntur in ensem,"
7.186,Qui iam pro lacrimis sanguine tinctus erit.
7.187,Quam bene conveniunt fato tua munera nostro!
7.188,Instruis inpensa nostra sepulcra brevi.
7.189,Nec mea nunc primum feriuntur pectora telo;
7.190,Ille locus saevi vulnus amoris habet.
7.191,"Anna soror, soror Anna, meae male conscia culpae,"
7.192,Iam dabis in cineres ultima dona meos.
7.193,"Nec consumpta rogis inscribar Elissa Sychaei,"
7.194,Hoc tantum in tumuli marmore carmen erit:
7.195,Praebuit Aeneas et causam mortis et ensem;
7.196,Ipsa sua Dido concidit usa manu.
8.1,
8.2,
8.3,"Pyrrhus Achillides, animosus imagine patris,"
8.4,Inclusam contra iusque piumque tenet.
8.5,"Quod potui, renui, ne non invita tenerer;"
8.6,Cetera femineae non valuere manus.
8.7,"'Quid facis, Aeacide? non sum sine vindice,' dixi:"
8.8,"'Haec tibi sub domino est, Pyrrhe, puella suo!'"
8.9,Surdior ille freto clamantem nomen Orestae
8.10,Traxit inornatis in sua tecta comis.
8.11,"Quid gravius capta Lacedaemone serva tulissem,"
8.12,Si raperet Graias barbara turba nurus?
8.13,"Parcius Andromachen vexavit Achaia victrix,"
8.14,Cum Danaus Phrygias ureret ignis opes.
8.15,"At tu, cura mei si te pia tangit, Oreste,"
8.16,Inice non timidas in tua iura manus!
8.17,"An siquis rapiat stabulis armenta reclusis,"
8.18,"Arma feras, rapta coniuge lentus eris?"
8.19,"Sit socer exemplo nuptae repetitor ademptae,"
8.20,Cui pia militiae causa puella fuit!
8.21,"Si socer ignavus vidua stertisset in aula,"
8.22,"Nupta foret Paridi mater, ut ante fuit."
8.23,Nec tu mille rates sinuosaque vela pararis
8.24,Nec numeros Danai militis — ipse veni!
8.25,"Sic quoque eram repetenda tamen, nec turpe marito"
8.26,Aspera pro caro bella tulisse toro.
8.27,"Quid, quod avus nobis idem Pelopeius Atreus,"
8.28,"Et, si non esses vir mihi, frater eras."
8.29,"Vir, precor, uxori, frater succurre sorori!"
8.30,Instant officio nomina bina tuo.
8.31,"Me tibi Tyndareus, vita gravis auctor et annis,"
8.32,Tradidit; arbitrium neptis habebat avus.
8.33,At pater Aeacidae promiserat inscius acti;
8.34,"Plus patre, quo prior est ordine, pollet avus."
8.35,"Cum tibi nubebam, nulli mea taeda nocebat;"
8.36,"Si iungar Pyrrho, tu mihi laesus eris."
8.37,Et pater ignoscet nostro Menelaus amori —
8.38,Succubuit telis praepetis ipse dei.
8.39,"Quem sibi permisit, genero concedet amorem;"
8.40,Proderit exemplo mater amata suo.
8.41,"Tu mihi, quod matri pater est; quas egerat olim"
8.42,"Dardanius partis advena, Pyrrhus agit."
8.43,Ille licet patriis sine fine superbiat actis;
8.44,"Et tu, quae referas facta parentis, habes."
8.45,Tantalides omnis ipsumque regebat Achillem.
8.46,Hic pars militiae; dux erat ille ducum.
8.47,"Tu quoque per proavum Pelopem Pelopisque parentem,"
8.48,"Si medios numeres, a Iove quintus eris."
8.49,"Nec virtute cares. arma invidiosa tulisti,"
8.50,Sed tibi — quid faceres? — induit illa pater.
8.51,Materia vellem fortis meliore fuisses;
8.52,"Non lecta est operi, sed data causa tuo."
8.53,Hanc tamen inplesti; iuguloque Aegisthus aperto
8.54,"Tecta cruentavit, quae pater ante tuus."
8.55,Increpat Aeacides laudemque in crimina vertit —
8.56,Et tamen adspectus sustinet ille meos.
8.57,"Rumpor, et ora mihi pariter cum mente tumescunt,"
8.58,Pectoraque inclusis ignibus usta dolent.
8.59,"Hermione coram quisquamne obiecit Orestae,"
8.60,"Nec mihi sunt vires, nec ferus ensis adest?"
8.61,"Flere licet certe; flendo defundimus iram,"
8.62,Perque sinum lacrimae fluminis instar eunt.
8.63,Has solas habeo semper semperque profundo;
8.64,Ument incultae fonte perenne genae.
8.65,"Num generis fato, quod nostros errat in annos,"
8.66,Tantalides matres apta rapina sumus?
8.67,Non ego fluminei referam mendacia cygni
8.68,Nec querar in plumis delituisse Iovem.
8.69,"Qua duo porrectus longe freta distinet Isthmos,"
8.70,Vecta peregrinis Hippodamia rotis;
8.71,Taenaris Idaeo trans aequor ab hospite rapta
8.72,Argolicas pro se vertit in arma manus.
8.75,"Vix equidem memini, memini tamen. omnia luctus,"
8.76,Omnia solliciti plena timoris erant;
8.77,"Flebat avus Phoebeque soror fratresque gemelli,"
8.78,Orabat superos Leda suumque Iovem.
8.79,"Ipsa ego, non longos etiamtunc scissa capillos,"
8.80,"Clamabam: 'sine me, me sine, mater, abis?'"
8.81,"Nam coniunx aberat! ne non Pelopeia credar,"
8.82,"Ecce, Neoptolemo praeda parata fui!"
8.83,Pelides utinam vitasset Apollinis arcus!
8.84,Damnaret nati facta proterva pater;
8.85,Nec quondam placuit nec nunc placuisset Achilli
8.86,Abducta viduum coniuge flere virum.
8.87,"Quae mea caelestis iniuria fecit iniquos,"
8.88,Quod mihi — vae miserae! — sidus obesse querar?
8.89,"Parva mea sine matre fui, pater arma ferebat,"
8.90,"Et duo cum vivant, orba duobus eram."
8.91,"Non tibi blanditias primis, mea mater, in annis"
8.92,Incerto dictas ore puella tuli;
8.93,Non ego captavi brevibus tua colla lacertis
8.94,Nec gremio sedi sarcina grata tuo.
8.95,"Non cultus tibi cura mei, nec pacta marito"
8.96,Intravi thalamos matre parante novos.
8.97,Obvia prodieram reduci tibi — vera fatebor —
8.98,Nec facies nobis nota parentis erat!
8.99,"Te tamen esse Helenen, quod eras pulcherrima, sensi;"
8.100,"Ipsa requirebas, quae tua nata foret!"
8.101,"Pars haec una mihi, coniunx bene cessit Orestes;"
8.102,"Is quoque, ni pro se pugnat, ademptus erit."
8.103,Pyrrhus habet captam reduce et victore parente —
8.104,Hoc munus nobis diruta Troia dedit!
8.105,"Cum tamen altus equis Titan radiantibus instant,"
8.106,Perfruor infelix liberiore malo;
8.107,Nox ubi me thalamis ululantem et acerba gementem
8.108,"Condidit in maesto procubuique toro,"
8.109,"Pro somno lacrimis oculi funguntur obortis,"
8.110,"Quaque licet, fugio sicut ab hoste virum."
8.111,Saepe malis stupeo rerumque oblita locique
8.112,"Ignara tetigi Scyria membra manu,"
8.113,"Utque nefas sensi, male corpora tacta relinquo"
8.114,Et mihi pollutas credor habere manus.
8.115,Saepe Neoptolemi pro nomine nomen Orestae
8.116,"Exit, et errorem vocis ut omen amo."
8.117,"Per genus infelix iuro generisque parentem,"
8.118,"Qui freta, qui terras et sua regna quatit;"
8.119,"Per patris ossa tui, patrui mihi, quae tibi debent,"
8.120,Quod se sub tumulo fortiter ulta iacent —
8.121,"Aut ego praemoriar primoque exstinguar in aevo,"
8.122,Aut ego Tantalidae Tantalis uxor ero!
9.a,
9.b,
9.1,Gratulor Oechaliam titulis accedere nostris;
9.2,Victorem victae succubuisse queror.
9.3,Fama Pelasgiadas subito pervenit in urbes
9.4,"Decolor et factis infitianda tuis,"
9.5,Quem numquam Iuno seriesque inmensa laborum
9.6,"Fregerit, huic Iolen inposuisse iugum."
9.7,"Hoc velit Eurystheus, velit hoc germana Tonantis,"
9.8,Laetaque sit vitae labe noverca tuae;
9.9,"At non ille, brevis cui nox — si creditur — una"
9.10,"Luctanti, ut tantus conciperere, fuit."
9.11,"Plus tibi quam Iuno, nocuit Venus: illa premendo"
9.12,"Sustulit, haec humili sub pede colla tenet."
9.13,"Respice vindicibus pacatum viribus orbem,"
9.14,Qua latam Nereus caerulus ambit humum.
9.15,"Se tibi pax terrae, tibi se tuta aequora debent;"
9.16,Inplesti meritis solis utramque domum.
9.17,"Quod te laturum est, caelum prius ipse tulisti;"
9.18,Hercule supposito sidera fulsit Atlans.
9.19,"Quid nisi notitia est misero quaesita pudori,"
9.20,Si cumulas turpi facta priora nota?
9.21,"Tene ferunt geminos pressisse tenaciter angues,"
9.22,Cum tener in cunis iam Iove dignus eras?
9.23,Coepisti melius quam desinis; ultima primis
9.24,Cedunt; dissimiles hic vir et ille puer.
9.25,"Quem non mille ferae, quem non Stheneleius hostis,"
9.26,"Non potuit Iuno vincere, vincit amor."
9.27,"At bene nupta feror, quia nominer Herculis uxor,"
9.28,"Sitque socer, rapidis qui tonat altus equis."
9.29,"Quam male inaequales veniunt ad aratra iuvenci,"
9.30,Tam premitur magno coniuge nupta minor.
9.31,Non honor est sed onus species laesura ferentis;
9.32,"Siqua voles apte nubere, nube pari."
9.33,"Vir mihi semper abest, et coniuge notior hospes,"
9.34,Monstraque terribiles persequiturque feras.
9.35,Ipsa domo vidua votis operata pudicis
9.36,"Torqueor, infesto ne vir ab hoste cadat;"
9.37,Inter serpentes aprosque avidosque leones
9.38,Iactor et haesuros terna per ora canes.
9.39,Me pecudum fibrae simulacraque inania somni
9.40,Ominaque arcana nocte petita movent.
9.41,"Aucupor infelix incertae murmura famae,"
9.42,Speque timor dubia spesque timore cadit.
9.43,"Mater abest queriturque deo placuisse potenti,"
9.44,Nec pater Amphitryon nec puer Hyllus adest;
9.45,Arbiter Eurystheus astu Iunonis iniquae
9.46,Sentitur nobis iraque longa deae.
9.47,"Haec mihi ferre parum? peregrinos addis amores,"
9.48,Et mater de te quaelibet esse potest.
9.49,"Non ego Partheniis temeratam vallibus Augen,"
9.50,"Nec referam partus, Ormeni nympha, tuos;"
9.51,"Non tibi crimen erunt, Teuthrantia turba, sorores,"
9.52,Quarum de populo nulla relicta tibi est.
9.53,"Una, recens crimen, referetur adultera nobis,"
9.54,Unde ego sum Lydo facta noverca Lamo.
9.55,"Maeandros, terris totiens errator in isdem,"
9.56,"Qui lassas in se saepe retorquet aquas,"
9.57,Vidit in Herculeo suspensa monilia collo
9.58,"Illo, cui caelum sarcina parva fuit."
9.59,"Non puduit fortis auro cohibere lacertos,"
9.60,Et solidis gemmas opposuisse toris?
9.61,Nempe sub his animam pestis Nemeaea lacertis
9.62,"Edidit, unde umerus tegmina laevus habet!"
9.63,Ausus es hirsutos mitra redimire capillos!
9.64,Aptior Herculeae populus alba comae.
9.65,Nec te Maeonia lascivae more puellae
9.66,Incingi zona dedecuisse putas?
9.67,"Non tibi succurrit crudi Diomedis imago,"
9.68,Efferus humana qui dape pavit equas?
9.69,"Si te vidisset cultu Busiris in isto,"
9.70,Huic victor victo nempe pudendus eras.
9.71,"Detrahat Antaeus duro redimicula collo,"
9.72,Ne pigeat molli succubuisse viro.
9.73,Inter Ioniacas calathum tenuisse puellas
9.74,Diceris et dominae pertimuisse minas.
9.75,"Non fugis, Alcide, victricem mille laborum"
9.76,"Rasilibus calathis inposuisse manum,"
9.77,"Crassaque robusto deducis pollice fila,"
9.78,Aequaque famosae pensa rependis erae?
9.79,"A, quotiens digitis dum torques stamina duris,"
9.80,Praevalidae fusos conminuere manus!
9.81,Ante pedes dominae
9.82,Factaque narrabas dissimulanda tibi —
9.85,Scilicet inmanes elisis faucibus hydros
9.86,"Infantem caudis involuisse manum,"
9.87,Ut Tegeaeus aper cupressifero Erymantho
9.88,Incubet et vasto pondere laedat humum.
9.89,"Non tibi Threiciis adfixa penatibus ora,"
9.90,Non hominum pingues caede tacentur equae;
9.91,"Prodigiumque triplex, armenti dives Hiberi"
9.92,"Geryones, quamvis in tribus unus erat;"
9.93,Inque canes totidem trunco digestus ab uno
9.94,Cerberos inplicitis angue minante comis;
9.95,Quaeque redundabat fecundo vulnere serpens
9.96,Fertilis et damnis dives ab ipsa suis;
9.97,Quique inter laevumque latus laevumque lacertum
9.98,Praegrave conpressa fauce pependit onus;
9.99,Et male confisum pedibus formaque bimembri
9.100,Pulsum Thessalicis agmen equestre iugis.
9.101,Haec tu Sidonio potes insignitus amictu
9.102,Dicere? non cultu lingua retenta silet?
9.103,Se quoque nympha tuis ornavit Iardanis armis
9.104,Et tulit a capto nota tropaea viro.
9.105,"I nunc, tolle animos et fortia gesta recense;"
9.106,"Quo tu non esses, iure vir illa fuit."
9.107,"Qua tanto minor es, quanto te, maxime rerum,"
9.108,"Quam quos vicisti, vincere maius erat."
9.109,Illi procedit rerum mensura tuarum —
9.110,Cede bonis; heres laudis amica tuae.
9.111,O pudor! hirsuti costis exuta leonis
9.112,Aspera texerunt vellera molle latus!
9.113,"Falleris et nescis — non sunt spolia illa leonis,"
9.114,"Sed tua, tuque feri victor es, illa tui."
9.115,"Femina tela tulit Lernaeis atra venenis,"
9.116,"Ferre gravem lana vix satis apta colum,"
9.117,"Instruxitque manum clava domitrice ferarum,"
9.118,Vidit et in speculo coniugis arma mei!
9.119,"Haec tamen audieram; licuit non credere famae,"
9.120,Et venit ad sensus mollis ab aure dolor —
9.121,"Ante meos oculos adducitur advena paelex,"
9.122,"Nec mihi, quae patior, dissimulare licet!"
9.123,Non sinis averti; mediam captiva per urbem
9.124,Invitis oculis adspicienda venit.
9.125,"Nec venit incultis captarum more capillis,"
9.126,Fortunam vultu fassa decente suam;
9.127,"Ingreditur late lato spectabilis auro,"
9.128,Qualiter in Phrygia tu quoque cultus eras.
9.129,Dat vultum populo sublimis ut Hercule victo;
9.130,Oechaliam vivo stare parente putes.
9.131,Forsitan et pulsa Aetolide Deianira
9.132,"Nomine deposito paelicis uxor erit,"
9.133,Eurytidosque Ioles atque Aonii Alcidae
9.134,Turpia famosus corpora iunget Hymen.
9.135,"Mens fugit admonitu, frigusque perambulat artus,"
9.136,Et iacet in gremio languida facta manus.
9.137,"Me quoque cum multis, sed me sine crimine amasti."
9.138,"Ne pigeat, pugnae bis tibi causa fui."
9.139,Cornua flens legit ripis Achelous in udis
9.140,Truncaque limosa tempora mersit aqua;
9.141,Semivir occubuit in lotifero Eueno
9.142,"Nessus, et infecit sanguis equinus aquas."
9.143,Sed quid ego haec refero? scribenti nuntia venit
9.144,"Fama, virum tunicae tabe perire meae."
9.145,Ei mihi! quid feci? quo me furor egit amantem?
9.146,Inpia quid dubitas Deianira mori?
9.147,"An tuus in media coniunx lacerabitur Oeta,"
9.148,Tu sceleris tanti causa superstes eris?
9.149,"Siquid adhuc habeo facti, cur Herculis uxor"
9.150,"Credar, coniugii mors mea pignus erit!"
9.151,"Tu quoque cognosces in me, Meleagre, sororem!"
9.152,Inpia quid dubitas Deianira mori?
9.153,Heu devota domus! solio sedet Agrios alto;
9.154,Oenea desertum nuda senecta premit.
9.155,Exulat ignotis Tydeus germanus in oris;
9.156,Alter fatali vivus in igne situs;
9.157,Exegit ferrum sua per praecordia mater.
9.158,Inpia quid dubitas Deianira mori?
9.159,"Deprecor hoc unum per iura sacerrima lecti,"
9.160,Ne videar fatis insidiata tuis.
9.161,"Nessus, ut est avidum percussus harundine pectus,"
9.162,"'Hic,' dixit, 'vires sanguis amoris habet.'"
9.163,Inlita Nesseo misi tibi texta veneno.
9.164,Inpia quid dubitas Deianira mori?
9.165,"Iamque vale, seniorque pater germanaque Gorge,"
9.166,"Et patria et patriae frater adempte tuae,"
9.167,"Et tu lux oculis hodierna novissima nostris,"
9.168,"Virque — sed o possis! — et puer Hylle, vale!"
10.a,
10.b,
10.1,Mitius inveni quam te genus omne ferarum;
10.2,Credita non ulli quam tibi peius eram.
10.3,"Quae legis, ex illo, Theseu, tibi litore mitto"
10.4,"Unde tuam sine me vela tulere ratem,"
10.5,"In quo me somnusque meus male prodidit et tu,"
10.6,Per facinus somnis insidiate meis.
10.7,"Tempus erat, vitrea quo primum terra pruina"
10.8,Spargitur et tectae fronde queruntur aves.
10.9,Incertum vigilans ac somno languida movi
10.10,Thesea prensuras semisupina manus —
10.11,"Nullus erat! referoque manus iterumque retempto,"
10.12,Perque torum moveo bracchia — nullus erat!
10.13,"Excussere metus somnum; conterrita surgo,"
10.14,Membraque sunt viduo praecipitata toro.
10.15,"Protinus adductis sonuerunt pectora palmis,"
10.16,"Utque erat e somno turbida, rupta coma est."
10.17,"Luna fuit; specto, siquid nisi litora cernam."
10.18,"Quod videant oculi, nil nisi litus habent."
10.19,"Nunc huc, nunc illuc, et utroque sine ordine, curro;"
10.20,Alta puellares tardat harena pedes.
10.21,Interea toto clamavi in litore 'Theseu!':
10.22,"Reddebant nomen concava saxa tuum,"
10.23,"Et quotiens ego te, totiens locus ipse vocabat."
10.24,Ipse locus miserae ferre volebat opem.
10.25,Mons fuit — apparent frutices in vertice rari;
10.26,Hinc scopulus raucis pendet adesus aquis.
10.27,Adscendo — vires animus dabat — atque ita late
10.28,Aequora prospectu metior alta meo.
10.29,Inde ego — nam ventis quoque sum crudelibus usa —
10.30,Vidi praecipiti carbasa tenta Noto.
10.31,"Ut vidi haut dignam quae me vidisse putarem,"
10.32,Frigidior glacie semianimisque fui.
10.33,"Nec languere diu patitur dolor; excitor illo,"
10.34,Excitor et summa Thesea voce voco.
10.35,'Quo fugis?' exclamo; 'scelerate revertere Theseu!
10.36,Flecte ratem! numerum non habet illa suum!'
10.37,"Haec ego; quod voci deerat, plangore replebam;"
10.38,Verbera cum verbis mixta fuere meis.
10.39,"Si non audires, ut saltem cernere posses,"
10.40,Iactatae late signa dedere manus;
10.41,Candidaque inposui longae velamina virgae —
10.42,Scilicet oblitos admonitura mei!
10.43,Iamque oculis ereptus eras. tum denique flevi;
10.44,Torpuerant molles ante dolore genae.
10.45,"Quid potius facerent, quam me mea lumina flerent,"
10.46,Postquam desieram vela videre tua?
10.47,"Aut ego diffusis erravi sola capillis,"
10.48,"Qualis ab Ogygio concita Baccha deo,"
10.49,"Aut mare prospiciens in saxo frigida sedi,"
10.50,"Quamque lapis sedes, tam lapis ipsa fui."
10.51,"Saepe torum repeto, qui nos acceperat ambos,"
10.52,"Sed non acceptos exhibiturus erat,"
10.53,"Et tua, quae possum pro te, vestigia tango"
10.54,Strataque quae membris intepuere tuis.
10.55,"Incumbo, lacrimisque toro manante profusis,"
10.56,"'Pressimus,' exclamo, 'te duo — redde duos!"
10.57,Venimus huc ambo; cur non discedimus ambo?
10.58,"Perfide, pars nostri, lectule, maior ubi est?'"
10.59,Quid faciam? quo sola ferar? vacat insula cultu.
10.60,"Non hominum video, non ego facta boum."
10.61,"Omne latus terrae cingit mare; navita nusquam,"
10.62,Nulla per ambiguas puppis itura vias.
10.63,Finge dari comitesque mihi ventosque ratemque —
10.64,Quid sequar? accessus terra paterna negat.
10.65,"Ut rate felici pacata per aequora labar,"
10.66,Temperet ut ventos Aeolus — exul ero!
10.67,"Non ego te, Crete centum digesta per urbes,"
10.68,"Adspiciam, puero cognita terra Iovi,"
10.69,Ut pater et tellus iusto regnata parenti
10.70,"Prodita sunt facto, nomina cara, meo."
10.71,"Cum tibi, ne victor tecto morerere recurvo,"
10.72,"Quae regerent passus, pro duce fila dedi,"
10.73,"Tum mihi dicebas: 'per ego ipsa pericula iuro,"
10.74,"Te fore, dum nostrum vivet uterque, meam.'"
10.75,"Vivimus, et non sum, Theseu, tua — si modo vivit"
10.76,Femina periuri fraude sepulta viri.
10.77,"Me quoque, qua fratrem mactasses, inprobe, clava;"
10.78,"Esset, quam dederas, morte soluta fides."
10.79,"Nunc ego non tantum, quae sum passura, recordor,"
10.80,Et quaecumque potest ulla relicta pati:
10.81,"Occurrunt animo pereundi mille figurae,"
10.82,Morsque minus poenae quam mora mortis habet.
10.83,"Iam iam venturos aut hac aut suspicor illac,"
10.84,"Qui lanient avido viscera dente, lupos."
10.85,Quis scit an et fulvos tellus alat ista leones?
10.86,Forsitan et saevas tigridas insula habet.
10.87,Et freta dicuntur magnas expellere phocas!
10.88,Quis vetat et gladios per latus ire meum?
10.89,"Tantum ne religer dura captiva catena,"
10.90,"Neve traham serva grandia pensa manu,"
10.91,"Cui pater est Minos, cui mater filia Phoebi,"
10.92,"Quodque magis memini, quae tibi pacta fui!"
10.93,"Si mare, si terras porrectaque litora vidi,"
10.94,"Multa mihi terrae, multa minantur aquae."
10.95,Caelum restabat — timeo simulacra deorum!
10.96,Destitutor rabidis praeda cibusque feris;
10.97,"Sive colunt habitantque viri, diffidimus illis —"
10.98,Externos didici laesa timere viros.
10.99,Viveret Androgeos utinam! nec facta luisses
10.100,"Inpia funeribus, Cecropi terra, tuis;"
10.101,"Nec tua mactasset nodoso stipite, Theseu,"
10.102,"Ardua parte virum dextera, parte bovem;"
10.103,"Nec tibi, quae reditus monstrarent, fila dedissem,"
10.104,Fila per adductas saepe recepta manus.
10.105,"Non equidem miror, si stat victoria tecum,"
10.106,Strataque Cretaeam belua planxit humum.
10.107,Non poterant figi praecordia ferrea cornu;
10.108,"Ut te non tegeres, pectore tutus eras."
10.109,"Illic tu silices, illic adamanta tulisti,"
10.110,"Illic, qui silices, Thesea, vincat, habes."
10.111,"Crudeles somni, quid me tenuistis inertem?"
10.112,Aut semel aeterna nocte premenda fui.
10.113,"Vos quoque crudeles, venti, nimiumque parati"
10.114,Flaminaque in lacrimas officiosa meas.
10.115,"Dextera crudelis, quae me fratremque necavit,"
10.116,"Et data poscenti, nomen inane, fides!"
10.117,In me iurarunt somnus ventusque fidesque;
10.118,Prodita sum causis una puella tribus!
10.119,"Ergo ego nec lacrimas matris moritura videbo,"
10.120,"Nec, mea qui digitis lumina condat, erit?"
10.121,"Spiritus infelix peregrinas ibit in auras,"
10.122,Nec positos artus unguet amica manus?
10.123,Ossa superstabunt volucres inhumata marinae?
10.124,Haec sunt officiis digna sepulcra meis?
10.125,"Ibis Cecropios portus patriaque receptus,"
10.126,Cum steteris turbae celsus in ore tuae
10.127,Et bene narraris letum taurique virique
10.128,"Sectaque per dubias saxea tecta vias,"
10.129,Me quoque narrato sola tellure relictam!
10.130,Non ego sum titulis subripienda tuis.
10.131,"Nec pater est Aegeus, nec tu Pittheidos Aethrae"
10.132,Filius; auctores saxa fretumque tui!
10.133,"Di facerent, ut me summa de puppe videres;"
10.134,Movisset vultus maesta figura tuos!
10.135,"Nunc quoque non oculis, sed, qua potes, adspice mente"
10.136,"Haerentem scopulo, quem vaga pulsat aqua."
10.137,Adspice demissos lugentis more capillos
10.138,Et tunicas lacrimis sicut ab imbre gravis.
10.139,"Corpus, ut inpulsae segetes aquilonibus, horret,"
10.140,Litteraque articulo pressa tremente labat.
10.141,"Non te per meritum, quoniam male cessit, adoro;"
10.142,Debita sit facto gratia nulla meo.
10.143,"Sed ne poena quidem! si non ego causa salutis,"
10.144,"Non tamen est, cur sis tu mihi causa necis."
10.145,Has tibi plangendo lugubria pectora lassas
10.146,Infelix tendo trans freta lata manus;
10.147,Hos tibi — qui superant — ostendo maesta capillos!
10.148,"Per lacrimas oro, quas tua facta movent —"
10.149,"Flecte ratem, Theseu, versoque relabere velo!"
10.150,"Si prius occidero, tu tamen ossa feres!"
